id;etat;heure_debut;heure_fin;justification_ecrit;justification_numerique;justification_numerique_content_type
1;Franche-Comté Analyste Account;implement;and silver New;Marcadet magenta;../fake-data/blob/hipster.png;image/png
2;Checking c;Money;circuit grey;bluetooth Sports;../fake-data/blob/hipster.png;image/png
3;mindshare Analyste orchestration;quantify incentivize user;monitor;PNG d'Abbeville Frozen;../fake-data/blob/hipster.png;image/png
4;Cambridgeshire deposit;Assistant;a;line a a;../fake-data/blob/hipster.png;image/png
5;impactful;bypass Plastic;back Sleek solid;Concrete Bedfordshire;../fake-data/blob/hipster.png;image/png
6;Soft Comores Kids;Pakistan Allemagne;a THX Kids;Zambie;../fake-data/blob/hipster.png;image/png
7;Gorgeous b bandwidth;seamless;Cheese Awesome;SMS d'Alésia;../fake-data/blob/hipster.png;image/png
8;bypass payment back-end;Steel;driver;feed Antillian;../fake-data/blob/hipster.png;image/png
9;c;Public-key Tuna loyalty;payment transmitting;transmit Corse;../fake-data/blob/hipster.png;image/png
10;a;Yen knowledge;1080p Steel program;ubiquitous content;../fake-data/blob/hipster.png;image/png
